[
  {
    "original_word": "ṣàngó",
    "filename": "sango.mp3"
  },
  {
    "original_word": "òrìṣà",
    "filename": "orisa.mp3"
  },
  {
    "original_word": "ọ̀run",
    "filename": "orun.mp3"
  },
  {
    "original_word": "ayé",
    "filename": "aye.mp3"
  },
  {
    "original_word": "ògún",
    "filename": "ogun.mp3"
  },
  {
    "original_word": "ìwòrì",
    "filename": "iwori.mp3"
  },
  {
    "original_word": "ẹ̀jẹ̀",
    "filename": "eje.mp3"
  },
  {
    "original_word": "àlàáfíà",
    "filename": "alafia.mp3"
  },
  {
    "original_word": "odù",
    "filename": "odu.mp3"
  },
  {
    "original_word": "bàbáláwo",
    "filename": "babalawo.mp3"
  },
  {
    "original_word": "ìyánífẹ́",
    "filename": "iyanife.mp3"
  },
  {
    "original_word": "ọjọ́",
    "filename": "ojo.mp3"
  },
  {
    "original_word": "ọsẹ̀",
    "filename": "ose.mp3"
  },
  {
    "original_word": "ọdún",
    "filename": "odun.mp3"
  },
  {
    "original_word": "ìmọ̀",
    "filename": "imo.mp3"
  },
  {
    "original_word": "àdúrà",
    "filename": "adura.mp3"
  },
  {
    "original_word": "àṣẹ",
    "filename": "ase.mp3"
  },
  {
    "original_word": "ifá",
    "filename": "ifa.mp3"
  },
  {
    "original_word": "yemọja",
    "filename": "yemoja.mp3"
  },
  {
    "original_word": "ọbàtálá",
    "filename": "obatala.mp3"
  },
  {
    "original_word": "ọya",
    "filename": "oya.mp3"
  },
  {
    "original_word": "èṣù",
    "filename": "esu.mp3"
  },
  {
    "original_word": "ọ̀ṣun",
    "filename": "osun.mp3"
  },
  {
    "original_word": "ọ̀rúnmìlà",
    "filename": "orunmila.mp3"
  }
]